{
  "Houses": [
    {
		"Name": "htSchool",
			"DescriptionID": 1741,
			"WoodCost": 4,
			"StoneCost": 4,
			"TileCost": 5,
			"WoodPileOffset" : {"MoveX" : -70, "MoveY" : 15}, 
			"StonePileOffset" : {"MoveX" : -10, "MoveY" : 15}, 
			"TilePileOffset" : {"MoveX" : 10, "MoveY" : 15}	
	},
    {
		"Name": "htStore",
			"DescriptionID": 1742,
			"WoodCost": 4,
			"StoneCost": 5,
			"TileCost": 5,
			"WoodPileOffset" : {"MoveX" : -70, "MoveY" : 15}, 
			"StonePileOffset" : {"MoveX" : -10, "MoveY" : 15}, 
			"TilePileOffset" : {"MoveX" : 10, "MoveY" : 15},
			"WareInput" : ["wtAll", "wtNone", "wtNone", "wtNone"],
			"WareOutput" : ["wtAll", "wtNone", "wtNone", "wtNone"],
			"Styles" : [
						{"GuiIcon" : 353, "StonePic" : 2434, "SnowPic" : 2489}
						]
						
	},
    {
		"Name": "htInn",
			"DescriptionID": 1743,
			"WoodCost": 4,
			"StoneCost": 4,
			"TileCost": 6,
			"WareInput" : ["wtBread", "wtSausage", "wtWine", "wtFish", "wtApple", "wtVegetables"],
			"SupplyIn5" : [2626, 2627, 2628, 2629, 2630],
			"SupplyIn6" : [2631, 2632, 2633, 2634, 2635],
			"WoodPileOffset" : {"MoveX" : -70, "MoveY" : 15}, 
			"StonePileOffset" : {"MoveX" : -5, "MoveY" : 15}, 
			"TilePileOffset" : {"MoveX" : 20, "MoveY" : 15}			
	},
    {
		"Name": "htBarracks",
			"MaxHealth" : 800,
			"StoneCost": 9,
			"DescriptionID": 1744,
			"WoodPileOffset" : {"MoveX" : -70, "MoveY" : 15}, 
			"StonePileOffset" : {"MoveX" : -5, "MoveY" : 15}, 
			"TilePileOffset" : {"MoveX" : 20, "MoveY" : 15},
			"WareInput" : ["wtWarfare"],
			"WareOutput" : ["wtWarfare"],
			"UnlockAfter" : ["htPottery"]
	},
    {
		"Name": "htTownhall",
			"DescriptionID": 1745,
			"WoodPileOffset" : {"MoveX" : -70, "MoveY" : 15}, 
			"StonePileOffset" : {"MoveX" : -5, "MoveY" : 15}, 
			"TilePileOffset" : {"MoveX" : 20, "MoveY" : 15},	
			"WareInput" : ["wtGold", "wtBitinArmor"]
	},
    {
		"Name": "htFishermans",
			"DescriptionID": 1746,
			"WoodPileOffset" : {"MoveX" : -5, "MoveY" : 15}, 
			"StonePileOffset" : {"MoveX" : 15, "MoveY" : 15}, 
			"TilePileOffset" : {"MoveX" : 40, "MoveY" : 15},
			"SupplyOut1" : [313, 314, 315, 316, 317],
			"CanForceWork" : true
	},
    {
		"Name": "htMarket",
			"DescriptionID": 1747,
			"WoodCost": 5,
			"StoneCost": 4,
			"TileCost": 4,
			"WoodPileOffset" : {"MoveX" : -75, "MoveY" : 15}, 
			"StonePileOffset" : {"MoveX" : -35, "MoveY" : 15}, 
			"TilePileOffset" : {"MoveX" : -10, "MoveY" : 15}	
	},
    {
		"Name": "htArmorSmithy",
			"DescriptionID": 1748,
			"WoodCost": 4,
			"StoneCost": 2,
			"TileCost": 4,
			"WoodPileOffset" : {"MoveX" : -80, "MoveY" : 20}, 
			"StonePileOffset" : {"MoveX" : 10, "MoveY" : 20}, 
			"TilePileOffset" : {"MoveX" : 40, "MoveY" : 20},
			"WareInput" : ["wtCoal", "wtIron", "wtBitinE"],
			"WareOutput" : ["wtIronArmor", "wtIronShield", "wtBitinArmor"],
			"SupplyIn3" : [2621, 2622, 2623, 2624, 2625],
			"SupplyOut3" : [2616, 2617, 2618, 2619, 2620],
			"WorkAnim" : [
							{ "WorkType" : "haWork2", "Cycles" : 1},
							{ "WorkType" : "haWork3", "Cycles" : 1},
							{ "WorkType" : "haWork4", "Cycles" : 1},
							{ "WorkType" : "haWork2", "Cycles" : 1},
							{ "WorkType" : "haWork3", "Cycles" : 1},
							{ "WorkType" : "haWork4", "Cycles" : 1},
							{ "WorkType" : "haWork2", "Cycles" : 1},
							{ "WorkType" : "haWork3", "Cycles" : 1},
							{ "WorkType" : "haWork4", "Cycles" : 1},
							{ "WorkType" : "haWork2", "Cycles" : 1},
							{ "WorkType" : "haWork3", "Cycles" : 1},
							{ "WorkType" : "haWork4", "Cycles" : 1},
							{ "WorkType" : "haWork2", "Cycles" : 1},
							{ "WorkType" : "haWork5", "Cycles" : 1}
						]		
	},
    {
		"Name": "htArmorWorkshop",
			"DescriptionID": 1749,
			"WoodPileOffset" : {"MoveX" : 25, "MoveY" : 20}, 
			"StonePileOffset" : {"MoveX" : -5, "MoveY" : 20}, 
			"TilePileOffset" : {"MoveX" : 50, "MoveY" : 20},
			"WareInput": ["wtTimber"],
			"UnlockAfter": ["htSawmill"],
			"WareOutput": ["wtWoodenShield", "wtPlateArmor","wtSawDust"],
			"SupplyIn2" : [1357, 1358, 1359, 1360, 1361], 
			"SupplyOut2" : [2578, 2579, 2580, 2581, 2582], 	
			"SupplyOut3" : [2332, 2333, 2334, 2335, 2336], 	
			"WorkAnim" : [
							{ "WorkType" : "haWork2", "Cycles" : 1},
							{ "WorkType" : "haWork3", "Cycles" : 1},
							{ "WorkType" : "haWork4", "Cycles" : 1},
							{ "WorkType" : "haWork2", "Cycles" : 1},
							{ "WorkType" : "haWork3", "Cycles" : 1},
							{ "WorkType" : "haWork4", "Cycles" : 1},
							{ "WorkType" : "haWork2", "Cycles" : 1},
							{ "WorkType" : "haWork3", "Cycles" : 1},
							{ "WorkType" : "haWork4", "Cycles" : 1},
							{ "WorkType" : "haWork2", "Cycles" : 1},
							{ "WorkType" : "haWork3", "Cycles" : 1},
							{ "WorkType" : "haWork4", "Cycles" : 1},
							{ "WorkType" : "haWork2", "Cycles" : 1}
						]			
	},
    {
		"Name": "htBakery",	
			"DescriptionID": 1750,
			"WoodCost": 4,
			"StoneCost": 4,
			"TileCost": 0,
			"WoodPileOffset" : {"MoveX" : -40, "MoveY" : 15}, 
			"StonePileOffset" : {"MoveX" : -25, "MoveY" : 15}, 
			"TilePileOffset" : {"MoveX" : -10, "MoveY" : 15},
			"SupplyIn2" : [2302, 2303, 2304, 2305, 2306], 
			"WareInput" : ["wtFlour", "wtWater"], 
			"WorkAnim" : [
							{ "WorkType" : "haWork2", "Cycles" : 1},
							{ "WorkType" : "haWork3", "Cycles" : 1},
							{ "WorkType" : "haWork2", "Cycles" : 1},
							{ "WorkType" : "haWork3", "Cycles" : 1},
							{ "WorkType" : "haWork2", "Cycles" : 1},
							{ "WorkType" : "haWork3", "Cycles" : 1},
							{ "WorkType" : "haWork2", "Cycles" : 1},
							{ "WorkType" : "haWork3", "Cycles" : 1},
							{ "WorkType" : "haWork2", "Cycles" : 1},
							{ "WorkType" : "haWork3", "Cycles" : 1},
							{ "WorkType" : "haWork2", "Cycles" : 1},
							{ "WorkType" : "haWork3", "Cycles" : 1},
							{ "WorkType" : "haWork2", "Cycles" : 1},
							{ "WorkType" : "haWork3", "Cycles" : 1}
						],
			"CanForceWork" : true	 		
	},
    {
		"Name": "htButchers",
			"DescriptionID": 1751,
			"WoodCost": 4,
			"StoneCost": 3,
			"TileCost": 2,
			"UnlockAfter": ["htSwine", "htCollectors"],
			"WoodPileOffset" : {"MoveX" : -40, "MoveY" : 15}, 
			"StonePileOffset" : {"MoveX" : -33, "MoveY" : 15}, 
			"TilePileOffset" : {"MoveX" : -15, "MoveY" : 15},
			"WorkAnim" : [
							{ "WorkType" : "haWork1", "Cycles" : 1},
							{ "WorkType" : "haWork2", "Cycles" : 1},
							{ "WorkType" : "haWork3", "Cycles" : 1},
							{ "WorkType" : "haWork4", "Cycles" : 1},
							{ "WorkType" : "haWork2", "Cycles" : 1},
							{ "WorkType" : "haWork3", "Cycles" : 1},
							{ "WorkType" : "haWork4", "Cycles" : 1},
							{ "WorkType" : "haWork2", "Cycles" : 1},
							{ "WorkType" : "haWork3", "Cycles" : 1},
							{ "WorkType" : "haWork4", "Cycles" : 1},
							{ "WorkType" : "haWork2", "Cycles" : 1},
							{ "WorkType" : "haWork3", "Cycles" : 1},
							{ "WorkType" : "haWork4", "Cycles" : 1},
							{ "WorkType" : "haWork2", "Cycles" : 1},
							{ "WorkType" : "haWork3", "Cycles" : 1},
							{ "WorkType" : "haWork4", "Cycles" : 1}
						],
			"CanForceWork" : true	 		
	},
    {
		"Name": "htCoalMine",
			"DescriptionID": 1752,
			"SupplyOut1" : [200, 201, 202, 203, 204], 
			"WoodPileOffset" : {"MoveX" : -70, "MoveY" : 15}, 
			"StonePileOffset" : {"MoveX" : -10, "MoveY" : 15}, 
			"TilePileOffset" : {"MoveX" : 10, "MoveY" : 15},
			"WorkAnim" : [
							{ "WorkType" : "haWork1", "Cycles" : 1},
							{ "WorkType" : "haWork2", "Cycles" : 23},
							{ "WorkType" : "haWork5", "Cycles" : 1}
						],
			"CanForceWork" : true	 		
	},
    {
		"Name": "htGoldMine",
			"DescriptionID": 1753,
			"WoodCost": 2,
			"StoneCost": 2,
			"TileCost": 2,
			"WoodPileOffset" : {"MoveX" : -40, "MoveY" : 15}, 
			"StonePileOffset" : {"MoveX" : -20, "MoveY" : 15}, 
			"TilePileOffset" : {"MoveX" : 0, "MoveY" : 15},
			"WorkAnim" : [
							{ "WorkType" : "haWork1", "Cycles" : 1},
							{ "WorkType" : "haWork2", "Cycles" : 24},
							{ "WorkType" : "haWork5", "Cycles" : 1}
						],
			"CanForceWork" : true	 	
	},
    {
		"Name": "htIronMine",
			"DescriptionID": 1754,
			"WoodCost": 2,
			"StoneCost": 2,
			"TileCost": 2,
			"WoodPileOffset" : {"MoveX" : -40, "MoveY" : 15}, 
			"StonePileOffset" : {"MoveX" : -20, "MoveY" : 15}, 
			"TilePileOffset" : {"MoveX" : 30, "MoveY" : 15},
			"SupplyOut1" : [205, 206, 207, 208, 209],
			"WorkAnim" : [
							{ "WorkType" : "haWork1", "Cycles" : 1},
							{ "WorkType" : "haWork2", "Cycles" : 24},
							{ "WorkType" : "haWork5", "Cycles" : 1}
						],
			"CanForceWork" : true	 			
	},
    {
		"Name": "htIronSmithy",	
			"DescriptionID": 1755,
			"WoodCost": 4,
			"StoneCost": 2,
			"TileCost": 4,
			"WoodPileOffset" : {"MoveX" : -40, "MoveY" : 15}, 
			"StonePileOffset" : {"MoveX" : 30, "MoveY" : 15}, 
			"TilePileOffset" : {"MoveX" : -80, "MoveY" : 15},
			"UnlockAfter" : ["htBitinMine", "htIronMine"],
			"SupplyIn3" : [2152, 2153, 2154, 2155, 2156],
			"SupplyOut2" : [2157, 2158, 2159, 2160, 2161],
			"CanForceWork" : true						
	},
    {
		"Name": "htSiegeWorkshop",	
			"WoodCost": 6,
			"StoneCost": 0,
			"DescriptionID": 1756,
			"WoodPileOffset" : {"MoveX" : 30, "MoveY" : 15}, 
			"StonePileOffset" : {"MoveX" : 10, "MoveY" : 15}, 
			"TilePileOffset" : {"MoveX" : 50, "MoveY" : 15},	
			"WorkerTypes": [{"UnitType" : "utCarpenter", "MaxCount" : 1}, {"UnitType" : "utOperator", "MaxCount" : 4}],
			"SupplyIn1" : [2342, 2343, 2344, 2345, 2346],
			"SupplyIn3" : [2347, 2348, 2349, 2350, 2351],
			"SupplyIn4" : [2352, 2353, 2354, 2355, 2356]
	},
    {
		"Name": "htMetallurgists",
			"DescriptionID": 1757,
			"WoodCost": 4,
			"StoneCost": 3,
			"TileCost": 2,
			"WoodPileOffset" : {"MoveX" : -70, "MoveY" : 15}, 
			"StonePileOffset" : {"MoveX" : -10, "MoveY" : 15}, 
			"TilePileOffset" : {"MoveX" : 10, "MoveY" : 15},
			"WareInput" : ["wtCoal", "wtGoldOre"],
			"SupplyIn1" : [291, 292, 293, 294, 295],
			"SupplyIn2" : [296, 297, 298, 299, 300],
			"SupplyOut2" : [2572, 2572, 2572, 2572, 2572],
			"WorkAnim" : [
							{ "WorkType" : "haWork2", "Cycles" : 1},
							{ "WorkType" : "haWork3", "Cycles" : 1},
							{ "WorkType" : "haWork4", "Cycles" : 1},
							{ "WorkType" : "haWork2", "Cycles" : 1},
							{ "WorkType" : "haWork3", "Cycles" : 1},
							{ "WorkType" : "haWork4", "Cycles" : 1},
							{ "WorkType" : "haWork2", "Cycles" : 1},
							{ "WorkType" : "haWork3", "Cycles" : 1},
							{ "WorkType" : "haWork4", "Cycles" : 1},
							{ "WorkType" : "haWork2", "Cycles" : 1},
							{ "WorkType" : "haWork3", "Cycles" : 1},
							{ "WorkType" : "haWork4", "Cycles" : 1},
							{ "WorkType" : "haWork2", "Cycles" : 1}
						],
			"CanForceWork" : true	 			
	},
    {
		"Name": "htMill",
			"DescriptionID": 1758,
			"WoodCost": 4,
			"StoneCost": 2,
			"TileCost": 2,
			"WoodPileOffset" : {"MoveX" : -30, "MoveY" : 15}, 
			"StonePileOffset" : {"MoveX" : 0, "MoveY" : 15}, 
			"TilePileOffset" : {"MoveX" : 10, "MoveY" : 15},
			"WorkAnim" : [
							{ "WorkType" : "haWork2", "Cycles" : 47}
						],
			"CanForceWork" : true	 	
	},
    {
		"Name": "htSawmill",
			"DescriptionID": 1759,
			"WoodPileOffset" : {"MoveX" : -70, "MoveY" : 15}, 
			"StonePileOffset" : {"MoveX" : 0, "MoveY" : 15}, 
			"TilePileOffset" : {"MoveX" : 30, "MoveY" : 15},
			
			"SupplyOut2" : [2296, 2295, 2294, 2293, 2292], 
			"WorkAnim" : [
							{ "WorkType" : "haWork1", "Cycles" : 1},
							{ "WorkType" : "haWork2", "Cycles" : 25},
							{ "WorkType" : "haWork5", "Cycles" : 1}
						],
			"CanForceWork" : true	 
		
	},
    {
		"Name": "htStables",
			"DescriptionID": 1760,
			"WoodCost": 4,
			"StoneCost": 4,
			"TileCost": 6,
			"WoodPileOffset" : {"MoveX" : -50, "MoveY" : 15}, 
			"StonePileOffset" : {"MoveX" : -30, "MoveY" : 15}, 
			"TilePileOffset" : {"MoveX" : 40, "MoveY" : 15},	
			"WareInput" : ["wtCorn", "wtWater", "wtHay", "wtVegetables"],
			"SupplyIn2" : [2322, 2323, 2324, 2325, 2326], 	
			"SupplyIn3" : [2562, 2563, 2564, 2565, 2566], 
			"SupplyIn4" : [2567, 2568, 2569, 2570, 2571], 
			"WorkAnim" : [
							{ "WorkType" : "haWork1", "Cycles" : 1},
							{ "WorkType" : "haWork2", "Cycles" : 1},
							{ "WorkType" : "haWork3", "Cycles" : 1},
							{ "WorkType" : "haWork4", "Cycles" : 1},
							{ "WorkType" : "haWork5", "Cycles" : 1}
						],
			"CanForceWork" : true	 		
	},
    {
		"Name": "htSwine",
			"StonePic" : 367,
			"DescriptionID": 1761,
			"WoodCost": 4,
			"StoneCost": 2,
			"TileCost": 2,
			"WoodPileOffset" : {"MoveX" : -70, "MoveY" : 15}, 
			"StonePileOffset" : {"MoveX" : -50, "MoveY" : 15}, 
			"TilePileOffset" : {"MoveX" : -20, "MoveY" : 15},	
			"WareInput" : ["wtCorn", "wtHay", "wtVegetables", "wtWater"],
			"SupplyIn2" : [2551, 2552, 2553, 2554, 2555], 
			"SupplyIn3" : [2557, 2558, 2559, 2560, 2561], 
			"SupplyIn4" : [2312, 2313, 2314, 2315, 2316], 
			"SupplyOut2" : [1124, 1125, 1126, 1127, 1128], 
			"WorkAnim" : [
							{ "WorkType" : "haWork2", "Cycles" : 1},
							{ "WorkType" : "haWork3", "Cycles" : 1},
							{ "WorkType" : "haWork2", "Cycles" : 1},
							{ "WorkType" : "haWork3", "Cycles" : 1},
							{ "WorkType" : "haWork2", "Cycles" : 1},
							{ "WorkType" : "haWork3", "Cycles" : 1},
							{ "WorkType" : "haWork2", "Cycles" : 1},
							{ "WorkType" : "haWork3", "Cycles" : 1},
							{ "WorkType" : "haWork2", "Cycles" : 1}
						],
			"Styles" : [
						{"GuiIcon" : 353, "StonePic" : 2433, "SnowPic" : 2433}
						],
			"CanForceWork" : true	
	},
    {
		"Name": "htTannery",
			"DescriptionID": 1762,
			"WoodPileOffset" : {"MoveX" : -40, "MoveY" : 15}, 
			"StonePileOffset" : {"MoveX" : 10, "MoveY" : 15}, 
			"TilePileOffset" : {"MoveX" : 10, "MoveY" : 15},
			"WorkAnim" : [
							{ "WorkType" : "haWork1", "Cycles" : 1},
							{ "WorkType" : "haWork2", "Cycles" : 29}
						],
			"CanForceWork" : true	 			
	},
    {
		"Name": "htVineyard",
			"DescriptionID": 1763,
			"WoodCost": 2,
			"StoneCost": 3,
			"TileCost": 2,
			"CanOverfill" : true,
			"WoodPileOffset" : {"MoveX" : -35, "MoveY" : 15}, 
			"StonePileOffset" : {"MoveX" : -18, "MoveY" : 15}, 
			"TilePileOffset" : {"MoveX" : 0, "MoveY" : 15},
			"SupplyOut1" : [391, 392, 393, 394, 395], 
			"WorkAnim" : [
							{ "WorkType" : "haWork1", "Cycles" : 1},
							{ "WorkType" : "haWork2", "Cycles" : 11},
							{ "WorkType" : "haWork5", "Cycles" : 1}
						],
			"CanForceWork" : true	                          
	},
    {
		"Name": "htWoodcutters",
			"DescriptionID": 1764,
			"WoodCost": 5,
			"StoneCost": 0,
			"SupplyOut1" : [228, 229, 230, 231, 232], 
			"WoodPileOffset" : {"MoveX" : -60, "MoveY" : 15}, 
			"StonePileOffset" : {"MoveX" : -30, "MoveY" : 15},
			"CanForceWork" : true
	},
    {
		"Name": "htWatchTower",
			"DescriptionID": 1765, 
			"WoodPileOffset" : {"MoveX" : -40, "MoveY" : 15}, 
			"TilePileOffset" : {"MoveX" : -5, "MoveY" : 15},	
			"StonePileOffset" : {"MoveX" : -20, "MoveY" : 15}, 
			"Wariants": [2135, 2136],
			"WorkerTypes": [{"UnitType" : "utOperator", "MaxCount" : 1}],
			"UnlockAfter" : ["htBarracks", "htPalace", "htTownhall"]
		
	},
    {
		"Name": "htQuarry",
			"DescriptionID": 1766,
			"WoodCost": 4,
			"StoneCost": 0,
			"SupplyOut1" : [223, 224, 225, 226, 227], 
			"WoodPileOffset" : {"MoveX" : -30, "MoveY" : 15}, 
			"StonePileOffset" : {"MoveX" : 20, "MoveY" : 15}, 
			"WorkAnim" : [
							{ "WorkType" : "haWork1", "Cycles" : 1},
							{ "WorkType" : "haWork2", "Cycles" : 9},
							{ "WorkType" : "haWork5", "Cycles" : 1}
						],
			"CanForceWork" : true	 
		
	},
    {
		"Name": "htFarm",
			"DescriptionID": 1767,
			"WoodPileOffset" : {"MoveX" : -70, "MoveY" : 15}, 
			"StonePileOffset" : {"MoveX" : 0, "MoveY" : 15}, 
			"TilePileOffset" : {"MoveX" : 30, "MoveY" : 15},
			"WareOutput" : ["wtCorn", "wtSeed", "wtHay", "wtVegetables"],
			"SupplyOut1" : [386, 387, 388, 389, 390], 
			"SupplyOut2" : [2297, 2298, 2299, 2300, 2301], 
			"SupplyOut3" : [2541, 2542, 2543, 2544, 2545], 
			"SupplyOut4" : [2546, 2547, 2548, 2549, 2550], 
			"TileCost": 1,
			"CanForceWork" : true
		
	},
    {
		"Name": "htWeaponSmithy",
			"DescriptionID": 1768,
			"WoodCost": 4,
			"StoneCost": 3,
			"TileCost": 3,
			"WoodPileOffset" : {"MoveX" : -70, "MoveY" : 15}, 
			"StonePileOffset" : {"MoveX" : 0, "MoveY" : 15}, 
			"TilePileOffset" : {"MoveX" : 30, "MoveY" : 15},	
			"SupplyOut1" : [338, 339, 340, 341, 342], 	
			"SupplyOut2" : [1327, 1328, 1329, 1330, 1331], 	
			"SupplyOut3" : [1332, 1333, 1334, 1335, 1336], 	
			"SupplyOut4" : [2611, 2612, 2613, 2614, 2615], 
			"WareOutput" : ["wtSword", "wtCrossbow", "wtPike", "wtFlail"],
			"WorkAnim" : [
							{ "WorkType" : "haWork2", "Cycles" : 1},
							{ "WorkType" : "haWork3", "Cycles" : 1},
							{ "WorkType" : "haWork4", "Cycles" : 1},
							{ "WorkType" : "haWork2", "Cycles" : 1},
							{ "WorkType" : "haWork3", "Cycles" : 1},
							{ "WorkType" : "haWork4", "Cycles" : 1},
							{ "WorkType" : "haWork2", "Cycles" : 1},
							{ "WorkType" : "haWork3", "Cycles" : 1},
							{ "WorkType" : "haWork4", "Cycles" : 1},
							{ "WorkType" : "haWork2", "Cycles" : 1},
							{ "WorkType" : "haWork3", "Cycles" : 1},
							{ "WorkType" : "haWork4", "Cycles" : 1},
							{ "WorkType" : "haWork5", "Cycles" : 1}
						]		
	},
    {
		"Name": "htWeaponWorkshop",
			"DescriptionID": 1769,
			"WoodPileOffset" : {"MoveX" : -70, "MoveY" : 15}, 
			"StonePileOffset" : {"MoveX" : 0, "MoveY" : 15}, 
			"TilePileOffset" : {"MoveX" : 30, "MoveY" : 15},
			"WareOutput" : ["wtAxe", "wtBow", "wtLance", "wtMace", "wtSawdust"],
			"SupplyOut1" : [1347, 1348, 1349, 1350, 1351], 	
			"SupplyOut2" : [1342, 1343, 1344, 1345, 1346], 	
			"SupplyOut3" : [1337, 1338, 1339, 1340, 1341], 	
			"SupplyOut4" : [2573, 2574, 2575, 2576, 2577], 	
			"SupplyOut5" : [2327, 2328, 2329, 2330, 2331], 	
			"WorkAnim" : [
							{ "WorkType" : "haWork2", "Cycles" : 1},
							{ "WorkType" : "haWork3", "Cycles" : 1},
							{ "WorkType" : "haWork4", "Cycles" : 1},
							{ "WorkType" : "haWork2", "Cycles" : 1},
							{ "WorkType" : "haWork3", "Cycles" : 1},
							{ "WorkType" : "haWork4", "Cycles" : 1},
							{ "WorkType" : "haWork2", "Cycles" : 1},
							{ "WorkType" : "haWork3", "Cycles" : 1},
							{ "WorkType" : "haWork4", "Cycles" : 1},
							{ "WorkType" : "haWork2", "Cycles" : 1},
							{ "WorkType" : "haWork3", "Cycles" : 1},
							{ "WorkType" : "haWork4", "Cycles" : 1},
							{ "WorkType" : "haWork2", "Cycles" : 1}
						]			
	}
    
  ]
}
